,username,year,month,day,score,BN1,BN2,BN3,BN4,BN5,BN6,BN7,permalink
0,Traxus99,2018,9,14,59,American Eagle,Uniqlo,Puma,0,0,0,0,/r/malefashionadvice/comments/9ftaam/waywt_september_14/e5z2q1f/
1,cpeters1114,2018,9,14,55,Robert Geller,Acne Studios,Unis,Common Projects,0,0,0,/r/malefashionadvice/comments/9ftaam/waywt_september_14/e5z0du5/
2,batmanmovies,2018,9,14,53,Our Legacy,Need Supply,Uniqlo,Needles,Hobo,0,0,/r/malefashionadvice/comments/9ftaam/waywt_september_14/e5z0e4n/
3,PoobaTheGrand,2018,9,14,17,Old Navy,J. Crew,Gustin,0,0,0,0,/r/malefashionadvice/comments/9ftaam/waywt_september_14/e5z0fem/
4,Chunsak,2018,9,14,36,Engineered Garments,New Balance,0,0,0,0,0,/r/malefashionadvice/comments/9ftaam/waywt_september_14/e5z0v7g/
5,hamish5178,2018,9,14,35,Apolis,H&M,Banana Republic,J. Crew,0,0,0,/r/malefashionadvice/comments/9ftaam/waywt_september_14/e5z14vx/
6,Imnotfocusedatwork,2018,9,14,21,3sixteen,Japan,Feit,0,0,0,0,/r/malefashionadvice/comments/9ftaam/waywt_september_14/e5z0g2e/
7,Vaeltaja,2018,9,14,19,EEL,Guidi,Kuboraum,Devoa,Song For The Mute,Converse,0,/r/malefashionadvice/comments/9ftaam/waywt_september_14/e5z5k61/
8,boyworldwide,2018,9,14,18,Rosen,Uniqlo,Saint Laurent Paris,Balenciaga,0,0,0,/r/malefashionadvice/comments/9ftaam/waywt_september_14/e5z5nki/
9,solidgoldinthefight,2018,9,14,25,Adidas,Alternative Apparel,Anonymous Ism,0,0,0,0,/r/malefashionadvice/comments/9ftaam/waywt_september_14/e5z3fhp/
10,TimDessaint,2018,9,14,14,Uniqlo,Adidas,Oliver Peoples,0,0,0,0,/r/malefashionadvice/comments/9ftaam/waywt_september_14/e5zwmse/
11,trackday_bro,2018,9,14,22,Thrift,0,0,0,0,0,0,/r/malefashionadvice/comments/9ftaam/waywt_september_14/e5z0jxu/
12,River_Dweller,2018,9,14,7,Todd Snyder,Taylor Stitch,Wings + Horns,Greats,0,0,0,/r/malefashionadvice/comments/9ftaam/waywt_september_14/e5z4dv2/
13,havensk,2018,9,14,14,Uniqlo,MHL,0,0,0,0,0,/r/malefashionadvice/comments/9ftaam/waywt_september_14/e5z0h59/
14,bond__jamesbond,2018,9,14,31,Uniqlo,Borsalino,Prada,Etsy,0,0,0,/r/malefashionadvice/comments/9ftaam/waywt_september_14/e5z0k9w/
15,dmcevil1,2018,9,14,10,Y-3,Allsaints,J. Crew,Maison Margiela,0,0,0,/r/malefashionadvice/comments/9ftaam/waywt_september_14/e5zd5tt/
16,stylekraken,2018,9,14,7,Norse Projects,American Eagle,Uniqlo,Adidas,0,0,0,/r/malefashionadvice/comments/9ftaam/waywt_september_14/e5zlyqc/
17,theteenagegentleman,2018,9,14,15,Banana Republic,0,0,0,0,0,0,/r/malefashionadvice/comments/9ftaam/waywt_september_14/e5z100s/
18,CatPee,2018,9,14,7,3sixteen,Velva Sheen,Railcar Fine Goods,Oak Street Bootmakers,Ash,0,0,/r/malefashionadvice/comments/9ftaam/waywt_september_14/e5zd8gu/
19,PantslessDan,2018,9,14,11,Naked & Famous,0,0,0,0,0,0,/r/malefashionadvice/comments/9ftaam/waywt_september_14/e5z0z9g/
20,SPANH0BG0BLIN1,2018,9,14,5,Thrift,Unbranded,Orient,AMB,0,0,0,/r/malefashionadvice/comments/9ftaam/waywt_september_14/e5zmyzb/
21,TransManNY,2018,9,14,4,Gant,Birk,Velva Sheen,Banana Republic,0,0,0,/r/malefashionadvice/comments/9ftaam/waywt_september_14/e604u6e/
22,setfiretoflames,2018,9,14,11,Undercover,Uniqlo,Converse,0,0,0,0,/r/malefashionadvice/comments/9ftaam/waywt_september_14/e5z0kta/
23,zunetoon,2018,9,14,7,Diamond,7 Diamonds,Nordstrom,H&M,Comme des Garcons,0,0,/r/malefashionadvice/comments/9ftaam/waywt_september_14/e5z68qh/
24,chameshi_nampa,2018,9,14,6,Gq,Uniqlo,Nike,Carhartt Wip,0,0,0,/r/malefashionadvice/comments/9ftaam/waywt_september_14/e5z1l7d/
25,hanshuynh,2018,9,15,2,Vice,0,0,0,0,0,0,/r/malefashionadvice/comments/9ftaam/waywt_september_14/e61hc16/
26,blackismycolor,2018,9,14,7,Allsaints,Thrift,0,0,0,0,0,/r/malefashionadvice/comments/9ftaam/waywt_september_14/e5z0fqh/
27,tbs17,2018,9,14,5,Raf Simons,H&M,Nike,0,0,0,0,/r/malefashionadvice/comments/9ftaam/waywt_september_14/e5z2bg7/
28,_Infinity_,2018,9,14,5,Fred Perry,H&M,Thrift,Social Status,0,0,0,/r/malefashionadvice/comments/9ftaam/waywt_september_14/e5z28e2/
29,Carapello,2018,9,14,4,Officine Generale,Sunspel,Prada,Common Projects,0,0,0,/r/malefashionadvice/comments/9ftaam/waywt_september_14/e5z5eqq/
30,iwoodard1999,2018,9,14,3,0,0,0,0,0,0,0,/r/malefashionadvice/comments/9ftaam/waywt_september_14/e5z0g94/
31,barongrymm,2018,9,14,3,Levi,Adidas,0,0,0,0,0,/r/malefashionadvice/comments/9ftaam/waywt_september_14/e5z21z9/
32,deleted-name,2018,9,14,2,Uniqlo,Old Navy,Orient,0,0,0,0,/r/malefashionadvice/comments/9ftaam/waywt_september_14/e5ze4xi/
33,Stepan_icarus,2018,9,14,3,Flint And Tinder,Kuro,Blue Owl,Soulive,Birk,0,0,/r/malefashionadvice/comments/9ftaam/waywt_september_14/e5z71sk/
34,arturvolk,2018,9,14,1,0,0,0,0,0,0,0,/r/malefashionadvice/comments/9ftaam/waywt_september_14/e5z0ewn/
35,Style32,2018,9,14,1,Only & Sons,ONS,Converse,0,0,0,0,/r/malefashionadvice/comments/9ftaam/waywt_september_14/e5zwt48/
36,farligfrukt1,2018,9,16,1,0,0,0,0,0,0,0,/r/malefashionadvice/comments/9ftaam/waywt_september_14/e6335wj/
37,sariaslani,2018,9,14,1,Uniqlo,Jomers,Leather,0,0,0,0,/r/malefashionadvice/comments/9ftaam/waywt_september_14/e5z4iyp/
38,bakalamba,2018,9,14,1,Forever 21,Levi,Cole Haan,0,0,0,0,/r/malefashionadvice/comments/9ftaam/waywt_september_14/e5z6phl/
39,urbancitizen,2018,9,12,85,Burberry,Meermin,0,0,0,0,0,/r/malefashionadvice/comments/9f9334/waywt_september_12/e5v9ma8/
40,trashwaste,2018,9,12,80,Allsaints,Thrift,Adidas,0,0,0,0,/r/malefashionadvice/comments/9f9334/waywt_september_12/e5uoc4w/
41,Parkwaydrive,2018,9,12,49,Y’s,Garrett Leight,Wacko Maria,3sixteen,Tanuki,R.M. Williams,Raf Simons,/r/malefashionadvice/comments/9f9334/waywt_september_12/e5v9lzk/
42,shibafku,2018,9,12,39,J. Crew,American Eagle,0,0,0,0,0,/r/malefashionadvice/comments/9f9334/waywt_september_12/e5vk1u3/
43,J-Pablo,2018,9,12,20,Levi,Thrift,Uniqlo,0,0,0,0,/r/malefashionadvice/comments/9f9334/waywt_september_12/e5uo97d/
44,SPANH0BG0BLIN1,2018,9,12,9,Thrift,Tommy Hilfiger,0,0,0,0,0,/r/malefashionadvice/comments/9f9334/waywt_september_12/e5v780p/
45,gingerninja1,2018,9,12,34,Zara,Uniqlo,Adidas,0,0,0,0,/r/malefashionadvice/comments/9f9334/waywt_september_12/e5uokqi/
46,KibblesNKirbs,2018,9,12,29,Bke,0,0,0,0,0,0,/r/malefashionadvice/comments/9f9334/waywt_september_12/e5uob58/
47,TheRuggedGeek,2018,9,12,9,Thrift,ONS,Johnstons Of Elgin,Uniqlo,Cardigan,Tanuki,0,/r/malefashionadvice/comments/9f9334/waywt_september_12/e5v9bfd/
48,setfiretoflames,2018,9,12,45,Orlebar Brown,Uniqlo,Maison Margiela,0,0,0,0,/r/malefashionadvice/comments/9f9334/waywt_september_12/e5un6rz/
49,maisonping,2018,9,12,37,Uniqlo,Ping,0,0,0,0,0,/r/malefashionadvice/comments/9f9334/waywt_september_12/e5unlyx/
50,aggster13,2018,9,13,8,Old Navy,Levi,Bullboxer,0,0,0,0,/r/malefashionadvice/comments/9f9334/waywt_september_12/e5xgw9i/
51,Chashew,2018,9,12,14,Moncler,Patagonia,Onia,Lee,Barbour,0,0,/r/malefashionadvice/comments/9f9334/waywt_september_12/e5ungs7/
52,JerichoKilo,2018,9,12,22,0,0,0,0,0,0,0,/r/malefashionadvice/comments/9f9334/waywt_september_12/e5un63f/
53,dmcevil1,2018,9,12,20,Allsaints,J. Crew,Common Projects,0,0,0,0,/r/malefashionadvice/comments/9f9334/waywt_september_12/e5uncvi/
54,rektunicorn,2018,9,12,43,Buttero,0,0,0,0,0,0,/r/malefashionadvice/comments/9f9334/waywt_september_12/e5un0yw/
55,trackday_bro,2018,9,12,23,Uniqlo,H&M,American Eagle,0,0,0,0,/r/malefashionadvice/comments/9f9334/waywt_september_12/e5uq7jn/
56,Imnotfocusedatwork,2018,9,12,12,J. Crew,3sixteen,Converse,0,0,0,0,/r/malefashionadvice/comments/9f9334/waywt_september_12/e5unewa/
57,red45t,2018,9,12,12,Uniqlo,Levi,Clarks,0,0,0,0,/r/malefashionadvice/comments/9f9334/waywt_september_12/e5vdwow/
58,AGlorifiedCrew,2018,9,12,16,Suitsupply,Brooks,Brooks Brothers,Shinola,J. Crew,0,0,/r/malefashionadvice/comments/9f9334/waywt_september_12/e5un7ty/
59,NAPviolator,2018,9,12,11,Thrift,Rothco,Dickies,Herringbone,0,0,0,/r/malefashionadvice/comments/9f9334/waywt_september_12/e5uw2tz/
60,solidgoldinthefight,2018,9,12,18,J. Crew,Nike,0,0,0,0,0,/r/malefashionadvice/comments/9f9334/waywt_september_12/e5un7ho/
61,MFA_Nay,2018,9,12,19,River Island,Nonnative,Uniqlo,Martens,0,0,0,/r/malefashionadvice/comments/9f9334/waywt_september_12/e5une5y/
62,cpeters1114,2018,9,12,26,Chocolate,Levi,Vintage,Allsaints,Unis,Alden,0,/r/malefashionadvice/comments/9f9334/waywt_september_12/e5un112/
63,ThrowbackGaming,2018,9,12,14,Banana Republic,Charles Tyrwhitt,Mezlan,0,0,0,0,/r/malefashionadvice/comments/9f9334/waywt_september_12/e5un9nd/
64,KamikazeSexPilot,2018,9,12,15,0,0,0,0,0,0,0,/r/malefashionadvice/comments/9f9334/waywt_september_12/e5vbu8d/
65,glashuttefox,2018,9,12,6,Gq,Barbour,Our Legacy,Bonobos,Carmina,J. Crew,Meermin,/r/malefashionadvice/comments/9f9334/waywt_september_12/e5vc94i/
66,Metcarfre,2018,9,12,15,Guess,Uniqlo,J. Crew,Adidas,0,0,0,/r/malefashionadvice/comments/9f9334/waywt_september_12/e5un6ho/
67,KManolov,2018,9,12,9,H&M,Tom Tailor,Converse,0,0,0,0,/r/malefashionadvice/comments/9f9334/waywt_september_12/e5v6pgm/
68,chameshi_nampa,2018,9,12,11,Carhartt Wip,Uniqlo,Nike,0,0,0,0,/r/malefashionadvice/comments/9f9334/waywt_september_12/e5ur0tg/
69,bond__jamesbond,2018,9,12,8,Orlebar Brown,0,0,0,0,0,0,/r/malefashionadvice/comments/9f9334/waywt_september_12/e5un6j4/
70,CardboardReplica,2018,9,12,6,Uniqlo,H&M,Topman,Adidas,0,0,0,/r/malefashionadvice/comments/9f9334/waywt_september_12/e5utofn/
71,iwoodard1999,2018,9,12,4,J. Crew,0,0,0,0,0,0,/r/malefashionadvice/comments/9f9334/waywt_september_12/e5un858/
72,bmd4567,2018,9,12,3,0,0,0,0,0,0,0,/r/malefashionadvice/comments/9f9334/waywt_september_12/e5uy6yk/
73,mrbrownsmenswear,2018,9,13,2,Y’s,Birk,0,0,0,0,0,/r/malefashionadvice/comments/9f9334/waywt_september_12/e5y1nz6/
74,Chillosophy101,2018,9,12,2,Obey,Casio,J. Crew,0,0,0,0,/r/malefashionadvice/comments/9f9334/waywt_september_12/e5up5vh/
75,iwasbornin1992,2018,9,12,0,Adidas,Boggi,Levi,Gucci,0,0,0,/r/malefashionadvice/comments/9f9334/waywt_september_12/e5uoslx/
76,ThrowbackGaming,2018,9,10,40,Charles Tyrwhitt,Mezlan,0,0,0,0,0,/r/malefashionadvice/comments/9eohnq/waywt_september_10/e5qi4hm/
77,bond__jamesbond,2018,9,10,61,Borsalino,Prada,Hugo Boss,Riviera,0,0,0,/r/malefashionadvice/comments/9eohnq/waywt_september_10/e5qa3n7/
78,PoobaTheGrand,2018,9,10,34,Uniqlo,0,0,0,0,0,0,/r/malefashionadvice/comments/9eohnq/waywt_september_10/e5qfhl4/
79,bikerbrah,2018,9,10,26,Meermin,0,0,0,0,0,0,/r/malefashionadvice/comments/9eohnq/waywt_september_10/e5qbott/
80,kaystacks,2018,9,10,29,Thrift,0,0,0,0,0,0,/r/malefashionadvice/comments/9eohnq/waywt_september_10/e5qe8t4/
81,thegreatone3486,2018,9,10,30,Barena,0,0,0,0,0,0,/r/malefashionadvice/comments/9eohnq/waywt_september_10/e5qa4ax/
82,Imnotfocusedatwork,2018,9,10,23,3sixteen,MHL,Viberg,0,0,0,0,/r/malefashionadvice/comments/9eohnq/waywt_september_10/e5qa99u/
83,mga92,2018,9,10,36,Y’s,Kapital,Trickers,0,0,0,0,/r/malefashionadvice/comments/9eohnq/waywt_september_10/e5qd2ap/
84,Smilotron,2018,9,10,24,Evan Kinori,Uniqlo,East Harbour Surplus,Surplus,Paraboot,0,0,/r/malefashionadvice/comments/9eohnq/waywt_september_10/e5qa1zi/
85,afcanonymous,2018,9,10,20,Eleventy,Lorenzo Uomo,J. Crew,Engineered Garments,Alden,0,0,/r/malefashionadvice/comments/9eohnq/waywt_september_10/e5qceyq/
86,Salutatorian,2018,9,10,14,Thrift,0,0,0,0,0,0,/r/malefashionadvice/comments/9eohnq/waywt_september_10/e5qa58y/
87,aamukherjee,2018,9,10,9,Journal,Journal Standard,Thrift,Japan,Japan Blue,Meermin,0,/r/malefashionadvice/comments/9eohnq/waywt_september_10/e5qyf29/
88,chameshi_nampa,2018,9,10,16,0,0,0,0,0,0,0,/r/malefashionadvice/comments/9eohnq/waywt_september_10/e5qcybu/
89,bestmaokaina,2018,9,10,19,Engineered Garments,Norse Projects,Adidas,0,0,0,0,/r/malefashionadvice/comments/9eohnq/waywt_september_10/e5qa03p/
90,AGlorifiedCrew,2018,9,10,18,Alden,Barbour,Descendant Of Thieves,Shinola,3sixteen,0,0,/r/malefashionadvice/comments/9eohnq/waywt_september_10/e5qa3tx/
91,theteenagegentleman,2018,9,10,12,Uniqlo,0,0,0,0,0,0,/r/malefashionadvice/comments/9eohnq/waywt_september_10/e5qdg40/
92,Chunsak,2018,9,10,19,Engineered Garments,Timberland,Our Legacy,Vans,0,0,0,/r/malefashionadvice/comments/9eohnq/waywt_september_10/e5qafck/
93,KodiakTheBear9,2018,9,10,33,Miharayasuhiro,Rick Owens,Guidi,Helmut Lang,Julius,Ann Demeulemeester,0,/r/malefashionadvice/comments/9eohnq/waywt_september_10/e5qbrdj/
94,pzonee,2018,9,10,6,Uniqlo,H&M,0,0,0,0,0,/r/malefashionadvice/comments/9eohnq/waywt_september_10/e5qa88b/
95,casechopper,2018,9,10,13,Levi,Mossimo,Gustin,Red Wing,0,0,0,/r/malefashionadvice/comments/9eohnq/waywt_september_10/e5qacot/
96,ISweatTuitionMoney,2018,9,10,4,0,0,0,0,0,0,0,/r/malefashionadvice/comments/9eohnq/waywt_september_10/e5qx7zx/
97,Josiee_L_,2018,9,10,18,Ami,Nanamica,Bukht,Converse,Story Mfg,Stussy,0,/r/malefashionadvice/comments/9eohnq/waywt_september_10/e5qa1of/
98,Chashew,2018,9,10,13,Vintage,Guess,Patagonia,Onia,0,0,0,/r/malefashionadvice/comments/9eohnq/waywt_september_10/e5qa42n/
99,iwoodard1999,2018,9,10,6,Seiko,0,0,0,0,0,0,/r/malefashionadvice/comments/9eohnq/waywt_september_10/e5qa4dz/
100,TheRuggedGeek,2018,9,10,4,Schott,Onitsuka Tiger,Thrift,Levi,Country Road,0,0,/r/malefashionadvice/comments/9eohnq/waywt_september_10/e5qvdpg/
101,havensk,2018,9,10,7,J. Crew,Velva Sheen,Engineered Garments,0,0,0,0,/r/malefashionadvice/comments/9eohnq/waywt_september_10/e5qg0rh/
102,cpeters1114,2018,9,10,12,Gitman Vintage,Vintage,Reigning Champ,Acne Studios,Common Projects,0,0,/r/malefashionadvice/comments/9eohnq/waywt_september_10/e5q9zqp/
103,Chillosophy101,2018,9,10,4,J. Crew,Aliexpress,Express,Edwin,0,0,0,/r/malefashionadvice/comments/9eohnq/waywt_september_10/e5qabar/
104,christian_blaque,2018,9,10,6,Urban Outfitters,Levi,Converse,0,0,0,0,/r/malefashionadvice/comments/9eohnq/waywt_september_10/e5qad2j/
105,josh8far,2018,9,10,3,Express,0,0,0,0,0,0,/r/malefashionadvice/comments/9eohnq/waywt_september_10/e5qrddn/
106,PantslessDan,2018,9,10,4,Uniqlo,0,0,0,0,0,0,/r/malefashionadvice/comments/9eohnq/waywt_september_10/e5qadbt/
107,Magnetrude,2018,9,10,3,Club Monaco,YSL,0,0,0,0,0,/r/malefashionadvice/comments/9eohnq/waywt_september_10/e5qgbjo/
108,upflupchuckfck,2018,9,10,4,Columbia,LVC,Alden,0,0,0,0,/r/malefashionadvice/comments/9eohnq/waywt_september_10/e5qa15m/
109,numbahz111,2018,9,10,2,Epaulet,Gitman Vintage,Jomers,0,0,0,0,/r/malefashionadvice/comments/9eohnq/waywt_september_10/e5q9zw3/
110,CurlingIsRealSport,2018,9,10,2,Levi,Ma+,Visvim,Common Projects,0,0,0,/r/malefashionadvice/comments/9eohnq/waywt_september_10/e5qbrvb/
111,DickMcRogers,2018,9,10,3,0,0,0,0,0,0,0,/r/malefashionadvice/comments/9eohnq/waywt_september_10/e5qhdyo/
112,edoggee,2018,9,10,2,Y’s,0,0,0,0,0,0,/r/malefashionadvice/comments/9eohnq/waywt_september_10/e5qqcl5/
113,jive_slippers,2018,9,10,2,Cos,Banana Republic,Story Et Fall,0,0,0,0,/r/malefashionadvice/comments/9eohnq/waywt_september_10/e5qbqd4/
114,casualshitpost,2018,9,10,2,Club Monaco,H&M,Tommy Hilfiger,0,0,0,0,/r/malefashionadvice/comments/9eohnq/waywt_september_10/e5qv15w/
115,von_Stearns,2018,9,10,3,Amazon,Falcon Garments,H&M,Red Wing,0,0,0,/r/malefashionadvice/comments/9eohnq/waywt_september_10/e5qfo4a/
116,TransManNY,2018,9,10,1,Gap,Unbranded,Alden,0,0,0,0,/r/malefashionadvice/comments/9eohnq/waywt_september_10/e5qfgxt/
117,asrhx4,2018,9,10,0,Todd Snyder,Champion,J. Crew,Converse,0,0,0,/r/malefashionadvice/comments/9eohnq/waywt_september_10/e5qhph1/
118,glasgow33,2018,9,10,-5,Barbour,Asos,0,0,0,0,0,/r/malefashionadvice/comments/9eohnq/waywt_september_10/e5qv6o3/
119,Quarkchild,2018,9,7,28,Gap,Timex,Levi,Bruno,0,0,0,/r/malefashionadvice/comments/9dvrws/waywt_september_07/e5kgfb8/
120,92414,2018,9,7,75,Kirkland Signature,Dickies,Vans,Engineered Garments,0,0,0,/r/malefashionadvice/comments/9dvrws/waywt_september_07/e5k9at6/
121,thegreatone3486,2018,9,7,64,Fabi,A.P.C.,Saba,0,0,0,0,/r/malefashionadvice/comments/9dvrws/waywt_september_07/e5k9cbs/
122,Chunsak,2018,9,7,49,Apolis,Engineered Garments,New Balance,0,0,0,0,/r/malefashionadvice/comments/9dvrws/waywt_september_07/e5k9ekh/
123,cpeters1114,2018,9,7,61,Barbour,Ash,Levi,Vintage,Acne Studios,Adidas,Sole,/r/malefashionadvice/comments/9dvrws/waywt_september_07/e5k9acm/
124,SingleSidedCoin,2018,9,7,23,Old Navy,Adidas,0,0,0,0,0,/r/malefashionadvice/comments/9dvrws/waywt_september_07/e5kchyd/
125,AlGoreVidalSassoon,2018,9,7,45,LVC,Uniqlo,Yuketen,0,0,0,0,/r/malefashionadvice/comments/9dvrws/waywt_september_07/e5k9s00/
126,Salutatorian,2018,9,7,38,Handmade,Thrift,Birk,0,0,0,0,/r/malefashionadvice/comments/9dvrws/waywt_september_07/e5k9k9f/
127,urbancitizen,2018,9,7,25,Taylor Stitch,Uniqlo,Wolverine,0,0,0,0,/r/malefashionadvice/comments/9dvrws/waywt_september_07/e5k9si8/
128,mga92,2018,9,7,20,Mango,Japan,Japan Blue,Shoes Like Pottery,0,0,0,/r/malefashionadvice/comments/9dvrws/waywt_september_07/e5kfgn5/
129,bond__jamesbond,2018,9,7,29,Borsalino,J. Crew,Allen Edmonds,0,0,0,0,/r/malefashionadvice/comments/9dvrws/waywt_september_07/e5k9e88/
130,hemill,2018,9,7,34,Levi,Story Et Fall,0,0,0,0,0,/r/malefashionadvice/comments/9dvrws/waywt_september_07/e5ka4cu/
131,JerichoKilo,2018,9,7,33,Cult,Propr,0,0,0,0,0,/r/malefashionadvice/comments/9dvrws/waywt_september_07/e5k9fwp/
132,Jesus_Hair,2018,9,7,35,Ami,Ato,Eaton,Diy,0,0,0,/r/malefashionadvice/comments/9dvrws/waywt_september_07/e5kg5ve/
133,evolsirhc,2018,9,7,20,Engineered Garments,Hanes,Engineered Garments,Nike,0,0,0,/r/malefashionadvice/comments/9dvrws/waywt_september_07/e5k9nng/
134,Chashew,2018,9,7,30,Adidas,Issey Miyake,Converse,Nfl,0,0,0,/r/malefashionadvice/comments/9dvrws/waywt_september_07/e5k9a8n/
135,theteenagegentleman,2018,9,7,28,J. Crew,Banana Republic,0,0,0,0,0,/r/malefashionadvice/comments/9dvrws/waywt_september_07/e5kbnz3/
136,SamurIAm,2018,9,7,5,Saint Laurent Paris,H&M,0,0,0,0,0,/r/malefashionadvice/comments/9dvrws/waywt_september_07/e5kksfv/
137,chameshi_nampa,2018,9,7,12,Uniqlo,Nike,0,0,0,0,0,/r/malefashionadvice/comments/9dvrws/waywt_september_07/e5k9wgh/
138,PantslessDan,2018,9,7,13,0,0,0,0,0,0,0,/r/malefashionadvice/comments/9dvrws/waywt_september_07/e5kc7lk/
139,theindianmessiah,2018,9,7,16,Undercover,Acne Studios,Common Projects,0,0,0,0,/r/malefashionadvice/comments/9dvrws/waywt_september_07/e5k9gi8/
140,bestmaokaina,2018,9,7,25,Ash,Vice,Debut,Bespoke,Dior,0,0,/r/malefashionadvice/comments/9dvrws/waywt_september_07/e5k9aj9/
141,wannabechrispratt,2018,9,7,10,Vans,0,0,0,0,0,0,/r/malefashionadvice/comments/9dvrws/waywt_september_07/e5l2cwh/
142,lgnitionRemix,2018,9,7,22,LHomme Rouge,Gucci,0,0,0,0,0,/r/malefashionadvice/comments/9dvrws/waywt_september_07/e5k9i2k/
143,AGlorifiedCrew,2018,9,7,11,N4,Descendant Of Thieves,Unis,Emmett,Common Projects,0,0,/r/malefashionadvice/comments/9dvrws/waywt_september_07/e5k9bxw/
144,barongrymm,2018,9,7,14,Freenote,Levi,0,0,0,0,0,/r/malefashionadvice/comments/9dvrws/waywt_september_07/e5kbkjk/
145,Honourably-Disagree,2018,9,7,15,Armani,J. Crew,A.P.C.,Nike,Nike ACG,0,0,/r/malefashionadvice/comments/9dvrws/waywt_september_07/e5k9eph/
146,PsamathosPsamathides,2018,9,7,18,H&M,Suitsupply,Grenson,0,0,0,0,/r/malefashionadvice/comments/9dvrws/waywt_september_07/e5k9a8y/
147,Transluzent,2018,9,7,17,Guess,Asos,Nike,0,0,0,0,/r/malefashionadvice/comments/9dvrws/waywt_september_07/e5ka2bw/
148,faya-ertw,2018,9,7,5,Club Monaco,Meermin,Tissot,Trap,0,0,0,/r/malefashionadvice/comments/9dvrws/waywt_september_07/e5kmp53/
149,0507twothousand,2018,9,7,3,Vintage,Supreme,0,0,0,0,0,/r/malefashionadvice/comments/9dvrws/waywt_september_07/e5l6p83/
150,casualshitpost,2018,9,7,8,Kitsune,Bonobos,0,0,0,0,0,/r/malefashionadvice/comments/9dvrws/waywt_september_07/e5kaq98/
151,christian_blaque,2018,9,7,5,Zara,J. Crew,Persol,0,0,0,0,/r/malefashionadvice/comments/9dvrws/waywt_september_07/e5kefaz/
152,Armordildo,2018,9,7,8,Streetwear,Louis Vuitton,Fragment Design,Saint Laurent Paris,Paris,Capsule,0,/r/malefashionadvice/comments/9dvrws/waywt_september_07/e5k9p34/
153,ThePokemon_BandaiD,2018,9,7,3,Thrift,Diy,0,0,0,0,0,/r/malefashionadvice/comments/9dvrws/waywt_september_07/e5keeii/
154,havensk,2018,9,7,4,0,0,0,0,0,0,0,/r/malefashionadvice/comments/9dvrws/waywt_september_07/e5kdmft/
155,BallisticDiamond,2018,9,7,6,Keep,Ping,Old Navy,American Eagle,Allbirds,0,0,/r/malefashionadvice/comments/9dvrws/waywt_september_07/e5k9tg4/
156,rjbman,2018,9,7,6,0,0,0,0,0,0,0,/r/malefashionadvice/comments/9dvrws/waywt_september_07/e5kbo2w/
157,Chillosophy101,2018,9,7,1,J. Crew,Beckett Simonon,0,0,0,0,0,/r/malefashionadvice/comments/9dvrws/waywt_september_07/e5k9gxg/
158,JoebobLollypop,2018,9,3,93,IDEA,Tellason,Jomers,J. Crew,Common Projects,0,0,/r/malefashionadvice/comments/9cmoks/waywt_september_03/e5bpvtb/
159,Chunsak,2018,9,3,54,Engineered Garments,0,0,0,0,0,0,/r/malefashionadvice/comments/9cmoks/waywt_september_03/e5bpz7v/
160,HipposLoveCereal,2018,9,3,70,Robert Geller,Helmut Lang,Comme des Garcons,ONS,Rick Owens,0,0,/r/malefashionadvice/comments/9cmoks/waywt_september_03/e5bqo42/
161,elburrito1,2018,9,3,70,0,0,0,0,0,0,0,/r/malefashionadvice/comments/9cmoks/waywt_september_03/e5brnz0/
162,JerichoKilo,2018,9,3,45,0,0,0,0,0,0,0,/r/malefashionadvice/comments/9cmoks/waywt_september_03/e5bq2b5/
163,SingleSidedCoin,2018,9,3,20,Thrift,Uniqlo,0,0,0,0,0,/r/malefashionadvice/comments/9cmoks/waywt_september_03/e5bv99t/
164,PsamathosPsamathides,2018,9,3,35,Rusty,Ato,7d,Topman,Levi,Bass,0,/r/malefashionadvice/comments/9cmoks/waywt_september_03/e5bsi32/
165,PhilippeTk,2018,9,3,28,Hope,Thrift,No Label,0,0,0,0,/r/malefashionadvice/comments/9cmoks/waywt_september_03/e5bzat6/
166,waifsandmendicants,2018,9,3,19,Uniqlo,Onitsuka Tiger,0,0,0,0,0,/r/malefashionadvice/comments/9cmoks/waywt_september_03/e5bsx1t/
167,batmanmovies,2018,9,3,29,Our Legacy,Nike,Lululemon,Hobo,Han Kjobenhavn,0,0,/r/malefashionadvice/comments/9cmoks/waywt_september_03/e5bpsyl/
168,italianbelgian,2018,9,3,35,Italian,sss,Vintage,Levi,Mango,H&M,Martens,/r/malefashionadvice/comments/9cmoks/waywt_september_03/e5bptmw/
169,Armordildo,2018,9,3,22,Louis Vuitton,Faure Le Page,0,0,0,0,0,/r/malefashionadvice/comments/9cmoks/waywt_september_03/e5bs561/
170,wanpaakchung,2018,9,3,11,N. Hoolywood,Svensson,0,0,0,0,0,/r/malefashionadvice/comments/9cmoks/waywt_september_03/e5c9u20/
171,McBawse,2018,9,3,24,Allsaints,Club Monaco,Alexander Wang,ONS,EEL,Felt,0,/r/malefashionadvice/comments/9cmoks/waywt_september_03/e5bsxxi/
172,chameshi_nampa,2018,9,3,9,Alpha,Uniqlo,Converse,0,0,0,0,/r/malefashionadvice/comments/9cmoks/waywt_september_03/e5bpuwg/
173,StoneMountainAle,2018,9,3,11,Undercover,Uniqlo,Adidas,0,0,0,0,/r/malefashionadvice/comments/9cmoks/waywt_september_03/e5bq3ns/
174,enjoithelrg,2018,9,3,8,Taylor Stitch,Common Projects,0,0,0,0,0,/r/malefashionadvice/comments/9cmoks/waywt_september_03/e5bqilg/
175,reddragon_08,2018,9,3,7,Levi,Only & Sons,ONS,Add,Steve Madden,Madden,0,/r/malefashionadvice/comments/9cmoks/waywt_september_03/e5br84m/
176,hollowcrown51,2018,9,3,4,Asos,Nike,0,0,0,0,0,/r/malefashionadvice/comments/9cmoks/waywt_september_03/e5buku1/
177,ancientmadder,2018,9,3,2,Leather,Leather Jacket,Milsurp,Schott,Wallace & Barnes,Rrl,0,/r/malefashionadvice/comments/9cmoks/waywt_september_03/e5ckt2q/
178,boyworldwide,2018,9,3,-10,Gucci,Necklace,Japan,Uniqlo,Y-3,0,0,/r/malefashionadvice/comments/9cmoks/waywt_september_03/e5csvtz/
179,Salutatorian,2018,8,31,35,EEL,Thrift,Gap,Clarks,0,0,0,/r/malefashionadvice/comments/9buw3j/waywt_august_31/e5620qr/
180,failingdutchman,2018,8,31,59,H&M,Zara,0,0,0,0,0,/r/malefashionadvice/comments/9buw3j/waywt_august_31/e562cyd/
181,theteenagegentleman,2018,8,31,105,J. Crew,Vintage,Brooks,Custom,AMB,LVC,0,/r/malefashionadvice/comments/9buw3j/waywt_august_31/e55vtkp/
182,Smilotron,2018,8,31,91,Uniqlo,Japan,Japan Blue,Shoes Like Pottery,0,0,0,/r/malefashionadvice/comments/9buw3j/waywt_august_31/e55vi6f/
183,Mikiiiiiiiii,2018,8,31,19,Vintage,Libertine,Libertine Libertine,Mustang,Puma,0,0,/r/malefashionadvice/comments/9buw3j/waywt_august_31/e565a7t/
184,K1NGKHAN,2018,8,31,50,J. Crew,French Connection,AMB,Uniqlo,Alden,Wings + Horns,0,/r/malefashionadvice/comments/9buw3j/waywt_august_31/e55vj1t/
185,andpasturesnew,2018,8,31,16,Vintage,Levi,H&M,Nike,J. Crew,0,0,/r/malefashionadvice/comments/9buw3j/waywt_august_31/e56uet3/
186,KamoteJoe,2018,8,31,69,Vintage,Orslow,Evan Kinori,Feit,Story Mfg,Kapital,Paraboot,/r/malefashionadvice/comments/9buw3j/waywt_august_31/e55vdh0/
187,evolsirhc,2018,8,31,57,Engineered Garments,Adidas,ONS,0,0,0,0,/r/malefashionadvice/comments/9buw3j/waywt_august_31/e55vkgj/
188,Chashew,2018,8,31,42,The Hundreds,Uniqlo,Levi,Eytys,0,0,0,/r/malefashionadvice/comments/9buw3j/waywt_august_31/e55vd3k/
189,AGlorifiedCrew,2018,8,31,21,Suitsupply,Ermenegildo Zegna,0,0,0,0,0,/r/malefashionadvice/comments/9buw3j/waywt_august_31/e55vwie/
190,thatguybuster,2018,8,31,20,3sixteen,Corridor,Oak Street Bootmakers,0,0,0,0,/r/malefashionadvice/comments/9buw3j/waywt_august_31/e55whdp/
191,92414,2018,8,31,30,Our Legacy,Robert Geller,Levi,Raf Simons,Simons,ONS,0,/r/malefashionadvice/comments/9buw3j/waywt_august_31/e55vig1/
192,peffz,2018,8,31,7,Hope,Hugo Boss,Adidas,0,0,0,0,/r/malefashionadvice/comments/9buw3j/waywt_august_31/e563942/
193,fera_tinctoria,2018,8,31,13,Uniqlo,Taylor Stitch,AMB,0,0,0,0,/r/malefashionadvice/comments/9buw3j/waywt_august_31/e56gzep/
194,maverickmonk,2018,8,31,12,Banana Republic,J. Crew,H&M,Birk,0,0,0,/r/malefashionadvice/comments/9buw3j/waywt_august_31/e55wa2s/
195,bestmaokaina,2018,8,31,20,Dries Van Noten,Acne Studios,0,0,0,0,0,/r/malefashionadvice/comments/9buw3j/waywt_august_31/e55vcwj/
196,Zoluna,2018,8,31,34,Wood Wood,Thrift,Zara,0,0,0,0,/r/malefashionadvice/comments/9buw3j/waywt_august_31/e55vm8f/
197,Chunsak,2018,8,31,19,Engineered Garments,Martens,0,0,0,0,0,/r/malefashionadvice/comments/9buw3j/waywt_august_31/e55vntk/
198,SortaRussian,2018,8,31,10,Birk,0,0,0,0,0,0,/r/malefashionadvice/comments/9buw3j/waywt_august_31/e55xiq7/
199,havensk,2018,8,31,16,Orslow,Velva Sheen,MHL,Wolf & Man,Vans,0,0,/r/malefashionadvice/comments/9buw3j/waywt_august_31/e561n01/
200,mj5757,2018,9,1,5,Thrift,J. Crew,Uniqlo,Gap,0,0,0,/r/malefashionadvice/comments/9buw3j/waywt_august_31/e58m8st/
201,360_,2018,8,31,32,Dries Van Noten,Maison Margiela,Emiliano Rinaldi,Salomon,0,0,0,/r/malefashionadvice/comments/9buw3j/waywt_august_31/e56048p/
202,Automate_It,2018,9,1,9,J. Crew,Anything,0,0,0,0,0,/r/malefashionadvice/comments/9buw3j/waywt_august_31/e57peic/
203,cpeters1114,2018,8,31,16,Levi,Vintage,A.P.C.,Alden,Filson,0,0,/r/malefashionadvice/comments/9buw3j/waywt_august_31/e55vden/
204,bowsertahu,2018,8,31,7,Asos,Vans,ONS,0,0,0,0,/r/malefashionadvice/comments/9buw3j/waywt_august_31/e56627y/
205,Gdiworog,2018,9,1,4,Hanes,Banana Republic,Common Projects,0,0,0,0,/r/malefashionadvice/comments/9buw3j/waywt_august_31/e57eqdh/
206,lilyk221,2018,9,1,3,Uniqlo,H&M,Vans,0,0,0,0,/r/malefashionadvice/comments/9buw3j/waywt_august_31/e5893r6/
207,Imnotfocusedatwork,2018,8,31,12,Nike,0,0,0,0,0,0,/r/malefashionadvice/comments/9buw3j/waywt_august_31/e55vp59/
208,ThisIsForClothes,2018,8,31,6,Diamond,Thrift,H&M,Topman,N/A,Aldo,Necklace,/r/malefashionadvice/comments/9buw3j/waywt_august_31/e55wugn/
209,thomasdoesclothing,2018,8,31,13,Crombie,Uniqlo,Hobo,0,0,0,0,/r/malefashionadvice/comments/9buw3j/waywt_august_31/e55yxlh/
210,SamurIAm,2018,8,31,7,H&M,0,0,0,0,0,0,/r/malefashionadvice/comments/9buw3j/waywt_august_31/e564arj/
211,chameshi_nampa,2018,8,31,5,0,0,0,0,0,0,0,/r/malefashionadvice/comments/9buw3j/waywt_august_31/e55wsm1/
212,n00b_5lay3r,2018,8,31,2,0,0,0,0,0,0,0,/r/malefashionadvice/comments/9buw3j/waywt_august_31/e56rp38/
213,franckhimself,2018,8,31,1,ONS,Bespoke,Unity,0,0,0,0,/r/malefashionadvice/comments/9buw3j/waywt_august_31/e568eo1/
214,mga92,2018,8,29,58,Acne Studios,H&M,Japan,Japan Blue,Maison Margiela,0,0,/r/malefashionadvice/comments/9bam13/waywt_august_29/e51njg3/
215,LaFolieDeLaNuit,2018,8,29,26,A Kind Of Guise,H&M,Whistles,Paul Smith,0,0,0,/r/malefashionadvice/comments/9bam13/waywt_august_29/e51u7pv/
216,PinoShow,2018,8,29,49,Sand,Ash,Not Sure,Hope,0,0,0,/r/malefashionadvice/comments/9bam13/waywt_august_29/e525y2u/
217,urbancitizen,2018,8,29,57,Edwin,Inis Meain,Our Legacy,Paraboot,0,0,0,/r/malefashionadvice/comments/9bam13/waywt_august_29/e51jd69/
218,thatguybuster,2018,8,29,34,3sixteen,Corridor,Svensson,0,0,0,0,/r/malefashionadvice/comments/9bam13/waywt_august_29/e51mj3p/
219,The_Omelette11,2018,8,29,32,Taylor Stitch,Banana Republic,Gap,American Eagle,Aer,Sole,0,/r/malefashionadvice/comments/9bam13/waywt_august_29/e51iztr/
220,K1NGKHAN,2018,8,29,40,Schott,A.P.C.,Wings + Horns,Allen Edmonds,Liverpool,0,0,/r/malefashionadvice/comments/9bam13/waywt_august_29/e51j0k0/
221,ryan0931,2018,8,29,8,0,0,0,0,0,0,0,/r/malefashionadvice/comments/9bam13/waywt_august_29/e51rnfg/
222,iwoodard1999,2018,8,29,24,Gq,Uniqlo,Vintage,Seiko,Martens,Patagonia,Onia,/r/malefashionadvice/comments/9bam13/waywt_august_29/e51jc1p/
223,Criminal_Pink,2018,8,29,34,0,0,0,0,0,0,0,/r/malefashionadvice/comments/9bam13/waywt_august_29/e51knzx/
224,theteenagegentleman,2018,8,29,15,Custom,Banana Republic,0,0,0,0,0,/r/malefashionadvice/comments/9bam13/waywt_august_29/e520bpk/
225,Chunsak,2018,8,29,30,Our Legacy,Engineered Garments,Uniqlo,Birk,0,0,0,/r/malefashionadvice/comments/9bam13/waywt_august_29/e51j27g/
226,Air_Bell,2018,8,29,7,Levi,Thrift,Vans,0,0,0,0,/r/malefashionadvice/comments/9bam13/waywt_august_29/e51mrfa/
227,pzonee,2018,8,29,21,Thrift,Uniqlo,Muji,0,0,0,0,/r/malefashionadvice/comments/9bam13/waywt_august_29/e51iwtt/
228,PoobaTheGrand,2018,8,29,22,American Eagle,Aer,Uniqlo,Gustin,0,0,0,/r/malefashionadvice/comments/9bam13/waywt_august_29/e51jxer/
229,Chashew,2018,8,29,22,Vintage,Uniqlo,Converse,0,0,0,0,/r/malefashionadvice/comments/9bam13/waywt_august_29/e51izvd/
230,Magnetrude,2018,8,29,11,UNTUCKit,Levi,YSL,0,0,0,0,/r/malefashionadvice/comments/9bam13/waywt_august_29/e525h2m/
231,Imnotfocusedatwork,2018,8,29,13,3sixteen,American Eagle,Homage,Viberg,0,0,0,/r/malefashionadvice/comments/9bam13/waywt_august_29/e51iwdp/
232,arise752,2018,8,29,11,American Rag,Banana Republic,0,0,0,0,0,/r/malefashionadvice/comments/9bam13/waywt_august_29/e51p19e/
233,cpeters1114,2018,8,29,26,Pink,Saint Laurent Paris,Allsaints,Acne Studios,Common Projects,0,0,/r/malefashionadvice/comments/9bam13/waywt_august_29/e51ivvn/
234,aquaboy28,2018,8,31,3,EEL,Burberry,Common Projects,0,0,0,0,/r/malefashionadvice/comments/9bam13/waywt_august_29/e55eygc/
235,computer_addiction,2018,8,29,5,WMCA,0,0,0,0,0,0,/r/malefashionadvice/comments/9bam13/waywt_august_29/e51oqic/
236,chameshi_nampa,2018,8,29,9,Uniqlo,Dr. Martens,Martens,0,0,0,0,/r/malefashionadvice/comments/9bam13/waywt_august_29/e51jdy9/
237,ThisIsForClothes,2018,8,29,12,Jump,Mixed,Thrift,H&M,Topman,0,0,/r/malefashionadvice/comments/9bam13/waywt_august_29/e51j97v/
238,AGlorifiedCrew,2018,8,29,9,3sixteen,Merz B. Schwanen,Unis,Maison Margiela,0,0,0,/r/malefashionadvice/comments/9bam13/waywt_august_29/e51iw6a/
239,sariaslani,2018,8,29,4,Uniqlo,Herringbone,0,0,0,0,0,/r/malefashionadvice/comments/9bam13/waywt_august_29/e526igc/
240,thomasdoesclothing,2018,8,29,7,Acne Studios,Crombie,Sneakers,Common Projects,Hobo,0,0,/r/malefashionadvice/comments/9bam13/waywt_august_29/e51jqgs/
241,cfivie,2018,8,29,5,Uniqlo,Magnanni,0,0,0,0,0,/r/malefashionadvice/comments/9bam13/waywt_august_29/e51m7h7/
242,casechopper,2018,8,29,6,Old Navy,Levi,Mossimo,Raf Simons,Tellason,Red Wing,AMB,/r/malefashionadvice/comments/9bam13/waywt_august_29/e51j9s6/
243,mrbrownsmenswear,2018,8,30,2,ONS,EEL,Birk,0,0,0,0,/r/malefashionadvice/comments/9bam13/waywt_august_29/e54mx2b/
244,smartfinances,2018,8,29,2,Rogue Territory,Viberg,Chocolate,Jomers,Trickers,Enzo Bonafe,0,/r/malefashionadvice/comments/9bam13/waywt_august_29/e527sgv/
245,benharlow77,2018,8,30,-7,Eminem,Seiko,Silver,Firetrap,Trap,Military,Allsaints,/r/malefashionadvice/comments/9bam13/waywt_august_29/e53mksc/
246,waffles-have-ridges,2018,8,27,18,American Eagle,0,0,0,0,0,0,/r/malefashionadvice/comments/9aq8dy/waywt_august_27/e4xwp0h/
247,KamoteJoe,2018,8,27,46,7d,Vintage,Evan Kinori,Kapital,Paraboot,0,0,/r/malefashionadvice/comments/9aq8dy/waywt_august_27/e4x859f/
248,Chunsak,2018,8,27,38,Engineered Garments,Uniqlo,Paraboot,Our Legacy,Eastlogue,Martens,0,/r/malefashionadvice/comments/9aq8dy/waywt_august_27/e4x83iw/
249,Touno,2018,8,27,22,Iron Heart,Topo Designs,Russell,Russell Moccasin Co.,0,0,0,/r/malefashionadvice/comments/9aq8dy/waywt_august_27/e4x8btn/
250,Metcarfre,2018,8,27,39,Brooks,J. Crew,0,0,0,0,0,/r/malefashionadvice/comments/9aq8dy/waywt_august_27/e4x84u4/
251,citaro,2018,8,27,35,Our Legacy,Acne Studios,Lemaire,Vans,0,0,0,/r/malefashionadvice/comments/9aq8dy/waywt_august_27/e4x84mx/
252,uhtred100,2018,8,27,9,Massimo Dutti,Chevignon,Kiwi,0,0,0,0,/r/malefashionadvice/comments/9aq8dy/waywt_august_27/e4xefqh/
253,dmccauley,2018,8,27,18,Levi,Ash,Express,Story Et Fall,0,0,0,/r/malefashionadvice/comments/9aq8dy/waywt_august_27/e4x828z/
254,bestmaokaina,2018,8,27,24,3m,Bespoke,Acne Studios,0,0,0,0,/r/malefashionadvice/comments/9aq8dy/waywt_august_27/e4x817t/
255,CurlingIsRealSport,2018,8,27,8,H&M,Acne Studios,Visvim,Fucking,0,0,0,/r/malefashionadvice/comments/9aq8dy/waywt_august_27/e4xaku6/
256,CatPee,2018,8,27,15,Reigning Champ,Unbranded,John Elliott,Ash,0,0,0,/r/malefashionadvice/comments/9aq8dy/waywt_august_27/e4xcote/
257,ANCIENT-ALIEN,2018,8,27,5,Haven,Saint Laurent Paris,Our Legacy,Viberg,0,0,0,/r/malefashionadvice/comments/9aq8dy/waywt_august_27/e4x88i9/
258,chameshi_nampa,2018,8,27,15,Carhartt Wip,Uniqlo,Dr. Martens,Martens,Japan,0,0,/r/malefashionadvice/comments/9aq8dy/waywt_august_27/e4x85ip/
259,P4LL3R,2018,8,27,9,Replay,Tommy Hilfiger,Tag Heuer,Carre,Carrera,Momotaro,Ecco,/r/malefashionadvice/comments/9aq8dy/waywt_august_27/e4xabvm/
260,thomasdoesclothing,2018,8,27,12,Crombie,Uniqlo,Sneakers,J. Crew,Nike,Hobo,0,/r/malefashionadvice/comments/9aq8dy/waywt_august_27/e4xacip/
261,KodiakTheBear9,2018,8,27,25,Grail,Julius,Rick Owens,EEL,Guidi,0,0,/r/malefashionadvice/comments/9aq8dy/waywt_august_27/e4x88t8/
262,theteenagegentleman,2018,8,27,16,Vintage,0,0,0,0,0,0,/r/malefashionadvice/comments/9aq8dy/waywt_august_27/e4x8av4/
263,Chashew,2018,8,27,10,Uniqlo,Edwin,0,0,0,0,0,/r/malefashionadvice/comments/9aq8dy/waywt_august_27/e4x8izj/
264,cpeters1114,2018,8,27,10,3sixteen,Indigo,Allsaints,Acne Studios,Alden,0,0,/r/malefashionadvice/comments/9aq8dy/waywt_august_27/e4x8169/
265,The_Omelette11,2018,8,27,7,ONS,Calvin Klein,Puma,Movado,Rone,Ping,0,/r/malefashionadvice/comments/9aq8dy/waywt_august_27/e4x89uf/
266,akara1001,2018,8,27,4,Bespoke,Ermenegildo Zegna,Christian Louboutin,0,0,0,0,/r/malefashionadvice/comments/9aq8dy/waywt_august_27/e4xdlxl/
267,TimDessaint,2018,8,27,5,Coach,Hoodie,Muji,Adidas,0,0,0,/r/malefashionadvice/comments/9aq8dy/waywt_august_27/e4y86yb/
268,andribarker,2018,8,27,1,0,0,0,0,0,0,0,/r/malefashionadvice/comments/9aq8dy/waywt_august_27/e4xc707/
269,Ciaran_y00,2018,8,28,1,H&M,0,0,0,0,0,0,/r/malefashionadvice/comments/9aq8dy/waywt_august_27/e4yuo1n/
270,NeatShip,2018,8,27,-10,0,0,0,0,0,0,0,/r/malefashionadvice/comments/9aq8dy/waywt_august_27/e4xcvev/
271,Imnotfocusedatwork,2018,8,24,88,3sixteen,Uniqlo,0,0,0,0,0,/r/malefashionadvice/comments/99yot2/waywt_august_24/e4rd1ax/
272,cpeters1114,2018,8,24,58,Keep,Filson,Gitman Vintage,Vintage,Acne Studios,Adidas,0,/r/malefashionadvice/comments/99yot2/waywt_august_24/e4rd1b4/
273,squigglypants,2018,8,24,22,3sixteen,Left Hand,Red Wing,0,0,0,0,/r/malefashionadvice/comments/99yot2/waywt_august_24/e4s6tsc/
274,Z-Ninja,2018,8,24,10,Nordstrom,J. Crew,Vans,Future,0,0,0,/r/malefashionadvice/comments/99yot2/waywt_august_24/e4sekt9/
275,mfemp,2018,8,24,42,Reiss,0,0,0,0,0,0,/r/malefashionadvice/comments/99yot2/waywt_august_24/e4rstos/
276,rabiddemonweasel,2018,8,24,46,Evan Kinori,Frank Leder,Paraboot,0,0,0,0,/r/malefashionadvice/comments/99yot2/waywt_august_24/e4rgi6y/
277,Smilotron,2018,8,24,43,Evan Kinori,Thrift,Shoes Like Pottery,0,0,0,0,/r/malefashionadvice/comments/99yot2/waywt_august_24/e4rdd8n/
278,AaronAbogado,2018,8,24,85,Anything,Thrift,Uniqlo,0,0,0,0,/r/malefashionadvice/comments/99yot2/waywt_august_24/e4rd22o/
279,dobrah,2018,8,24,32,Uniqlo,0,0,0,0,0,0,/r/malefashionadvice/comments/99yot2/waywt_august_24/e4rku0c/
280,loejn,2018,8,24,24,Cos,0,0,0,0,0,0,/r/malefashionadvice/comments/99yot2/waywt_august_24/e4rokc1/
281,KibblesNKirbs,2018,8,24,40,Gitman Vintage,Muji,Birk,0,0,0,0,/r/malefashionadvice/comments/99yot2/waywt_august_24/e4rd2e0/
282,squigglypants,2018,8,24,24,3sixteen,A.P.C.,J. Crew,Blundstone,0,0,0,/r/malefashionadvice/comments/99yot2/waywt_august_24/e4rf7cl/
283,Coveo,2018,8,24,30,Haven,Folk,Cos,John Elliott,0,0,0,/r/malefashionadvice/comments/99yot2/waywt_august_24/e4rd999/
284,bond__jamesbond,2018,8,24,37,Marc Jacobs,American Eagle,0,0,0,0,0,/r/malefashionadvice/comments/99yot2/waywt_august_24/e4rd65f/
285,blopblip,2018,8,24,13,Dickies,Undercover,0,0,0,0,0,/r/malefashionadvice/comments/99yot2/waywt_august_24/e4rdbfr/
286,AGlorifiedCrew,2018,8,24,27,Allen Edmonds,0,0,0,0,0,0,/r/malefashionadvice/comments/99yot2/waywt_august_24/e4rczhh/
287,Metcarfre,2018,8,24,22,3m,No Label,Edwin,Vans,0,0,0,/r/malefashionadvice/comments/99yot2/waywt_august_24/e4rd7aw/
288,graygray97,2018,8,24,17,H&M,Burton,Red Wing,0,0,0,0,/r/malefashionadvice/comments/99yot2/waywt_august_24/e4redvv/
289,chameshi_nampa,2018,8,24,28,Uniqlo,Nike,A Lab,0,0,0,0,/r/malefashionadvice/comments/99yot2/waywt_august_24/e4rdzkh/
290,SamurIAm,2018,8,24,6,H&M,0,0,0,0,0,0,/r/malefashionadvice/comments/99yot2/waywt_august_24/e4rjpi8/
291,Intelligent_Staff,2018,8,24,7,Uniqlo,Martens,Seiko,Pointer,0,0,0,/r/malefashionadvice/comments/99yot2/waywt_august_24/e4s2o2b/
292,wisstig96,2018,8,24,9,0,0,0,0,0,0,0,/r/malefashionadvice/comments/99yot2/waywt_august_24/e4rjydl/
293,swine_masher,2018,8,24,15,0,0,0,0,0,0,0,/r/malefashionadvice/comments/99yot2/waywt_august_24/e4rym5f/
294,SortaRussian,2018,8,24,10,Veja,0,0,0,0,0,0,/r/malefashionadvice/comments/99yot2/waywt_august_24/e4remgh/
295,casechopper,2018,8,24,17,Jump,Ftc,LVC,Jockey,Gustin,0,0,/r/malefashionadvice/comments/99yot2/waywt_august_24/e4re151/
296,iptables-abuse,2018,8,24,4,Banana Republic,Levi,Greats,0,0,0,0,/r/malefashionadvice/comments/99yot2/waywt_august_24/e4rfih4/
297,red_liter,2018,8,24,4,Schott,Generic,Asos,Levi,Ash,0,0,/r/malefashionadvice/comments/99yot2/waywt_august_24/e4sbu4r/
298,Chashew,2018,8,24,16,Levi,Old Navy,0,0,0,0,0,/r/malefashionadvice/comments/99yot2/waywt_august_24/e4rd6jh/
299,pzonee,2018,8,24,8,Uniqlo,Thrift,Muji,0,0,0,0,/r/malefashionadvice/comments/99yot2/waywt_august_24/e4rdeiu/
300,findingmeno,2018,8,24,5,3sixteen,Indigo,0,0,0,0,0,/r/malefashionadvice/comments/99yot2/waywt_august_24/e4rdgly/
301,Sp00kyScarySkeleton,2018,8,24,6,EEL,0,0,0,0,0,0,/r/malefashionadvice/comments/99yot2/waywt_august_24/e4rm62q/
302,CatPee,2018,8,24,6,Lee,Japan,Japan Blue,Railcar Fine Goods,Unbranded,Oak Street Bootmakers,Ash,/r/malefashionadvice/comments/99yot2/waywt_august_24/e4rdmxb/
303,TheOneImperator,2018,8,24,4,EEL,Lucky Brand,Ecco,Cos,0,0,0,/r/malefashionadvice/comments/99yot2/waywt_august_24/e4rdtj3/
304,Chillosophy101,2018,8,24,4,Cos,J. Crew,Adidas,0,0,0,0,/r/malefashionadvice/comments/99yot2/waywt_august_24/e4rdfwv/
305,TimDessaint,2018,8,24,1,Thrift,Oliver Peoples,Levi,Uniqlo,Adidas,0,0,/r/malefashionadvice/comments/99yot2/waywt_august_24/e4sd1xi/
306,sariaslani,2018,8,24,2,0,0,0,0,0,0,0,/r/malefashionadvice/comments/99yot2/waywt_august_24/e4rhk8s/
307,dmccauley,2018,8,24,3,Ash,Story Et Fall,0,0,0,0,0,/r/malefashionadvice/comments/99yot2/waywt_august_24/e4rd5wi/
308,mfgfm93,2018,8,24,3,Fresh,0,0,0,0,0,0,/r/malefashionadvice/comments/99yot2/waywt_august_24/e4s2yvj/
309,jayson1189,2018,8,24,2,Vans,Penn,0,0,0,0,0,/r/malefashionadvice/comments/99yot2/waywt_august_24/e4s4nbd/
310,whats_nineplusten,2018,8,24,1,Uniqlo,A.P.C.,Teva,0,0,0,0,/r/malefashionadvice/comments/99yot2/waywt_august_24/e4rk1xl/
311,thomasdoesclothing,2018,8,24,3,J. Crew,H&M,Adidas,Hobo,0,0,0,/r/malefashionadvice/comments/99yot2/waywt_august_24/e4rd54f/
312,GraphicNovelty,2018,8,24,1,Outlier,Reebok,0,0,0,0,0,/r/malefashionadvice/comments/99yot2/waywt_august_24/e4rd1iu/
313,AGlorifiedCrew,2018,8,22,53,Suitsupply,Drake,Shinola,Allen Edmonds,Guess,0,0,/r/malefashionadvice/comments/99elwl/waywt_august_22/e4mzokx/
314,sariaslani,2018,8,22,13,Uniqlo,Herringbone,0,0,0,0,0,/r/malefashionadvice/comments/99elwl/waywt_august_22/e4n9gr4/
315,Msaiks,2018,8,23,13,Delusion,0,0,0,0,0,0,/r/malefashionadvice/comments/99elwl/waywt_august_22/e4p29ds/
316,thatthereitalian,2018,8,22,36,American Eagle,Unis,Common Projects,Deus Ex Machina,Harder,0,0,/r/malefashionadvice/comments/99elwl/waywt_august_22/e4n0fbj/
317,jordanthinkz,2018,8,22,38,Jor,Jord,Uniqlo,Homemade,0,0,0,/r/malefashionadvice/comments/99elwl/waywt_august_22/e4n0tls/
318,cpeters1114,2018,8,22,74,Allsaints,Unis,Sand,Nike,0,0,0,/r/malefashionadvice/comments/99elwl/waywt_august_22/e4mzojo/
319,Chashew,2018,8,22,46,Club Monaco,Meermin,0,0,0,0,0,/r/malefashionadvice/comments/99elwl/waywt_august_22/e4mzoqj/
320,ayysic,2018,8,22,44,Thrift,Lands End,Polo Ralph Lauren,Ralph Lauren,Clarks,0,0,/r/malefashionadvice/comments/99elwl/waywt_august_22/e4n04rw/
321,Imnotfocusedatwork,2018,8,22,29,3sixteen,Vans,0,0,0,0,0,/r/malefashionadvice/comments/99elwl/waywt_august_22/e4mzq3y/
322,thomasdoesclothing,2018,8,22,30,Plac,Uniqlo,Uniqlo,0,0,0,0,/r/malefashionadvice/comments/99elwl/waywt_august_22/e4n73uy/
323,blizt1998,2018,8,23,8,Martens,Thrift,0,0,0,0,0,/r/malefashionadvice/comments/99elwl/waywt_august_22/e4omj79/
324,P_adawan,2018,8,22,26,Gap,Acne Studios,Saint Laurent Paris,Paris,0,0,0,/r/malefashionadvice/comments/99elwl/waywt_august_22/e4na8cf/
325,iwoodard1999,2018,8,22,13,Crombie,Todd Snyder,Pf Flyers,Seiko,Kent Wang,0,0,/r/malefashionadvice/comments/99elwl/waywt_august_22/e4mzvsw/
326,dune297,2018,8,22,22,Prada,Acne Studios,Balenciaga,Saint Laurent Paris,0,0,0,/r/malefashionadvice/comments/99elwl/waywt_august_22/e4mzosu/
327,Chunsak,2018,8,22,20,Our Legacy,Martens,0,0,0,0,0,/r/malefashionadvice/comments/99elwl/waywt_august_22/e4mzqjp/
328,Air_Bell,2018,8,22,16,Fidelity,Thrift,Vans,0,0,0,0,/r/malefashionadvice/comments/99elwl/waywt_august_22/e4nutzi/
329,TimDessaint,2018,8,22,40,Zara,Uniqlo,Adidas,0,0,0,0,/r/malefashionadvice/comments/99elwl/waywt_august_22/e4n0vvx/
330,trackday_bro,2018,8,22,23,Luxire,Allen Edmonds,0,0,0,0,0,/r/malefashionadvice/comments/99elwl/waywt_august_22/e4n2j43/
331,Armordildo,2018,8,22,15,Louis Vuitton,Fragment Design,Junya Watanabe,Vans,0,0,0,/r/malefashionadvice/comments/99elwl/waywt_august_22/e4n34p1/
332,cilantno,2018,8,22,20,Uniqlo,Club Monaco,Nike,0,0,0,0,/r/malefashionadvice/comments/99elwl/waywt_august_22/e4n7hqi/
333,chameshi_nampa,2018,8,22,14,Uniqlo,Nike,Alpha,0,0,0,0,/r/malefashionadvice/comments/99elwl/waywt_august_22/e4n1b6p/
334,computer_addiction,2018,8,22,10,0,0,0,0,0,0,0,/r/malefashionadvice/comments/99elwl/waywt_august_22/e4ngjou/
335,casechopper,2018,8,22,13,Dickies,Hunter,0,0,0,0,0,/r/malefashionadvice/comments/99elwl/waywt_august_22/e4mzpxv/
336,FamousLastName,2018,8,22,24,Brixton,Gildan,Dickies,Red Wing,0,0,0,/r/malefashionadvice/comments/99elwl/waywt_august_22/e4n0r2w/
337,wrblz,2018,8,22,9,Banana Republic,Freenote,Indigo,Timex,0,0,0,/r/malefashionadvice/comments/99elwl/waywt_august_22/e4o8ezo/
338,boisonivy,2018,8,22,27,0,0,0,0,0,0,0,/r/malefashionadvice/comments/99elwl/waywt_august_22/e4nfxg7/
339,Kirin-Jack,2018,8,22,2,EEL,0,0,0,0,0,0,/r/malefashionadvice/comments/99elwl/waywt_august_22/e4nt1wp/
340,hypersymmetry,2018,8,23,5,Onitsuka Tiger,0,0,0,0,0,0,/r/malefashionadvice/comments/99elwl/waywt_august_22/e4ojemy/
341,urbancitizen,2018,8,22,4,Crockett & Jones,0,0,0,0,0,0,/r/malefashionadvice/comments/99elwl/waywt_august_22/e4nnac1/
342,soulstare222,2018,8,22,1,0,0,0,0,0,0,0,/r/malefashionadvice/comments/99elwl/waywt_august_22/e4ocz1o/
343,methanol88,2018,8,23,-22,Suitsupply,Loake,Vince,Leather,0,0,0,/r/malefashionadvice/comments/99elwl/waywt_august_22/e4omkal/
344,urbancitizen,2018,8,20,57,Engineered Garments,Club Monaco,Paraboot,0,0,0,0,/r/malefashionadvice/comments/98uw1s/waywt_august_20/e4j3q0i/
345,Chashew,2018,8,20,59,Moncler,Issey Miyake,Paraboot,American Eagle,0,0,0,/r/malefashionadvice/comments/98uw1s/waywt_august_20/e4iugr5/
346,dryver,2018,8,20,20,Free People,Vans,Plac,0,0,0,0,/r/malefashionadvice/comments/98uw1s/waywt_august_20/e4jihff/
347,TimDessaint,2018,8,20,16,Nau,Uniqlo,Adidas,0,0,0,0,/r/malefashionadvice/comments/98uw1s/waywt_august_20/e4jr96j/
348,CatPee,2018,8,20,45,Stio,Japan,Japan Blue,Uniqlo,Railcar Fine Goods,Maison Margiela,Ash,/r/malefashionadvice/comments/98uw1s/waywt_august_20/e4ivbkr/
349,Kibbles_Bits,2018,8,20,17,H&M,Uniqlo,Raf Simons,Adidas,0,0,0,/r/malefashionadvice/comments/98uw1s/waywt_august_20/e4ivxrb/
350,ayysic,2018,8,20,29,Gloverall,Chaps,Chaps Ralph Lauren,Ralph Lauren,Polo Ralph Lauren,0,0,/r/malefashionadvice/comments/98uw1s/waywt_august_20/e4iugt2/
351,JerichoKilo,2018,8,20,25,American Eagle,Michael Kors,Uniqlo,Hanover,0,0,0,/r/malefashionadvice/comments/98uw1s/waywt_august_20/e4iv3na/
352,pzonee,2018,8,20,19,Asics,Uniqlo,Crombie,J. Crew,Nike,0,0,/r/malefashionadvice/comments/98uw1s/waywt_august_20/e4iv4wm/
353,bestmaokaina,2018,8,20,18,Zara,Acne Studios,Adidas,0,0,0,0,/r/malefashionadvice/comments/98uw1s/waywt_august_20/e4iuiij/
354,Imnotfocusedatwork,2018,8,20,24,J. Crew,3sixteen,Vans,0,0,0,0,/r/malefashionadvice/comments/98uw1s/waywt_august_20/e4iujl2/
355,The_Omelette11,2018,8,20,23,Taylor Stitch,Puma,Seiko,0,0,0,0,/r/malefashionadvice/comments/98uw1s/waywt_august_20/e4iun6p/
356,Rariora,2018,8,20,30,Haider Ackermann,Zara,Frye,0,0,0,0,/r/malefashionadvice/comments/98uw1s/waywt_august_20/e4iuh6l/
357,chameshi_nampa,2018,8,20,15,Uniqlo,Nike,Alpha,0,0,0,0,/r/malefashionadvice/comments/98uw1s/waywt_august_20/e4iv01r/
358,cpeters1114,2018,8,20,35,N4,Acne Studios,Unis,Sand,Common Projects,Steven Alan,0,/r/malefashionadvice/comments/98uw1s/waywt_august_20/e4iugj1/
359,AGlorifiedCrew,2018,8,20,14,Todd Snyder,Shinola,Unis,Common Projects,0,0,0,/r/malefashionadvice/comments/98uw1s/waywt_august_20/e4iugjn/
360,casechopper,2018,8,20,18,Merona,AMB,Red Wing,Tellason,Dickies,0,0,/r/malefashionadvice/comments/98uw1s/waywt_august_20/e4iylk6/
361,UsinMeFables,2018,8,20,11,J. Crew,Allen Edmonds,Active,0,0,0,0,/r/malefashionadvice/comments/98uw1s/waywt_august_20/e4j1znr/
362,sariaslani,2018,8,20,3,Uniqlo,Jomers,Derby,0,0,0,0,/r/malefashionadvice/comments/98uw1s/waywt_august_20/e4jdo8d/
363,reddragon_08,2018,8,20,9,J. Crew,H&M,Hollister,The Rail,0,0,0,/r/malefashionadvice/comments/98uw1s/waywt_august_20/e4j48kr/
364,HeyKim0oOo,2018,8,20,6,Asos,Calvin Klein,Stacy Adams,Adams,Etsy,0,0,/r/malefashionadvice/comments/98uw1s/waywt_august_20/e4ja7ln/
365,Scubajose919,2018,8,20,8,Lorenzo Uomo,Breuer,J. Crew,Enzo Bonafe,0,0,0,/r/malefashionadvice/comments/98uw1s/waywt_august_20/e4iv14t/
366,Albino_Axolotl,2018,8,20,4,Basic Editions,ONS,Leather,Buckle,Engineered Garments,Rusty,Highland,/r/malefashionadvice/comments/98uw1s/waywt_august_20/e4jfbw3/
367,Crunchboks,2018,8,20,5,American Eagle,Gap,Nike,DUST,0,0,0,/r/malefashionadvice/comments/98uw1s/waywt_august_20/e4j48ca/
368,thomasdoesclothing,2018,8,20,2,Not Sure,Pacsun,H&M,Sneakers,Adidas,Amazon,Hobo,/r/malefashionadvice/comments/98uw1s/waywt_august_20/e4iv3ds/
369,-SoulAmazin-,2018,8,21,1,Elvine,H&M,Sneakers,Nike,Nothing,Colours,0,/r/malefashionadvice/comments/98uw1s/waywt_august_20/e4l5842/
370,daiquehambur,2018,8,20,1,0,0,0,0,0,0,0,/r/malefashionadvice/comments/98uw1s/waywt_august_20/e4joyox/
371,urbancitizen,2018,8,17,69,Japan,Japanese,Visvim,Percival,Uniqlo,Paraboot,0,/r/malefashionadvice/comments/983in5/waywt_august_17/e4dicma/
372,Imnotfocusedatwork,2018,8,17,49,3sixteen,Uniqlo,Converse,0,0,0,0,/r/malefashionadvice/comments/983in5/waywt_august_17/e4cyvae/
373,Smilotron,2018,8,17,49,Stussy,Thrift,Yuketen,0,0,0,0,/r/malefashionadvice/comments/983in5/waywt_august_17/e4cytj1/
374,jknowl3m,2018,8,17,100,Apollo,H&M,Thrift,3m,0,0,0,/r/malefashionadvice/comments/983in5/waywt_august_17/e4cymq1/
375,idontcarethatmuch,2018,8,17,33,Gap,Casio,0,0,0,0,0,/r/malefashionadvice/comments/983in5/waywt_august_17/e4d7x4e/
376,mga92,2018,8,17,49,Asos,Japan,Japan Blue,Maison Margiela,Mango,Luxire,Trickers,/r/malefashionadvice/comments/983in5/waywt_august_17/e4cyuby/
377,elburrito1,2018,8,17,31,0,0,0,0,0,0,0,/r/malefashionadvice/comments/983in5/waywt_august_17/e4czioy/
378,UsinMeFables,2018,8,17,13,0,0,0,0,0,0,0,/r/malefashionadvice/comments/983in5/waywt_august_17/e4d899c/
379,theteenagegentleman,2018,8,17,36,Swear,Vintage,Thrift,AMB,J. Crew,American Eagle,0,/r/malefashionadvice/comments/983in5/waywt_august_17/e4d0260/
380,CatPee,2018,8,17,23,The Hill-Side,Railcar Fine Goods,Svensson,Ash,0,0,0,/r/malefashionadvice/comments/983in5/waywt_august_17/e4dikzg/
381,K1NGKHAN,2018,8,17,44,J. Crew,Banana Republic,Bass,Uniqlo,Common Projects,Baracuta,A.P.C.,/r/malefashionadvice/comments/983in5/waywt_august_17/e4czrje/
382,barongrymm,2018,8,17,20,Freenote,Edwin,0,0,0,0,0,/r/malefashionadvice/comments/983in5/waywt_august_17/e4czmhd/
383,Chashew,2018,8,17,30,Levi,Versace,Raf Simons,Reason,0,0,0,/r/malefashionadvice/comments/983in5/waywt_august_17/e4cyuej/
384,havensk,2018,8,17,16,Velva Sheen,MHL,Vans,0,0,0,0,/r/malefashionadvice/comments/983in5/waywt_august_17/e4cynjb/
385,jsuhr,2018,8,17,58,Uniqlo,0,0,0,0,0,0,/r/malefashionadvice/comments/983in5/waywt_august_17/e4cz0wk/
386,kirbybooboo,2018,8,17,13,Trap,Club Monaco,H&M,Nike,0,0,0,/r/malefashionadvice/comments/983in5/waywt_august_17/e4d28za/
387,thomasdoesclothing,2018,8,17,15,Pacsun,Crombie,Sneakers,Vans,Hobo,0,0,/r/malefashionadvice/comments/983in5/waywt_august_17/e4d93rs/
388,iwoodard1999,2018,8,17,11,Levi,Everlane,Seiko,Stan Ray,Vans,0,0,/r/malefashionadvice/comments/983in5/waywt_august_17/e4cyqbf/
389,fareastern_falsafah,2018,8,18,6,Haven,EEL,Express,Ugg,Uniqlo,Timberland,0,/r/malefashionadvice/comments/983in5/waywt_august_17/e4ene93/
390,chameshi_nampa,2018,8,17,17,Cos,Uniqlo,Chippewa,Japan,0,0,0,/r/malefashionadvice/comments/983in5/waywt_august_17/e4d0fij/
391,AGlorifiedCrew,2018,8,17,6,Burberry,Unis,Shinola,Alden,Brooks,Brooks Brothers,0,/r/malefashionadvice/comments/983in5/waywt_august_17/e4cymn0/
392,Chillosophy101,2018,8,17,5,J. Crew,Adidas,0,0,0,0,0,/r/malefashionadvice/comments/983in5/waywt_august_17/e4d1doj/
393,cpeters1114,2018,8,17,7,Levi,Vintage,Unis,Common Projects,0,0,0,/r/malefashionadvice/comments/983in5/waywt_august_17/e4cyo4o/
394,Eruntien,2018,8,17,3,Levi,Uniqlo,Topman,N/A,Adidas,Gas,0,/r/malefashionadvice/comments/983in5/waywt_august_17/e4ebo49/
395,sariaslani,2018,8,17,4,0,0,0,0,0,0,0,/r/malefashionadvice/comments/983in5/waywt_august_17/e4d3j9f/
396,thomfits,2018,8,17,3,Anything,Y’s,ONS,H&M,J. Crew,0,0,/r/malefashionadvice/comments/983in5/waywt_august_17/e4de7ou/
397,TheLepelaar,2018,8,17,3,Lee,Felt,Jor,0,0,0,0,/r/malefashionadvice/comments/983in5/waywt_august_17/e4d1lrv/
